Team,Group,Squad Number,Position,Player,Date Of Birth,Age,Caps,Goals,Club,Player Count
Egypt,A,1,GK,Essam El-Hadary (captain),15/01/1973,45,157,0,Al-Taawoun,1
Egypt,A,2,DF,Ali Gabr,01/01/1989,29,20,1,West Bromwich Albion,1
Egypt,A,3,DF,Ahmed Elmohamady,09/09/1987,30,77,2,Aston Villa,1
Egypt,A,4,MF,Omar Gaber,30/01/1992,26,23,0,Los Angeles FC,1
Egypt,A,5,MF,Sam Morsy,10/09/1991,26,4,0,Wigan Athletic,1
Egypt,A,6,DF,Ahmed Hegazi,25/01/1991,27,44,1,West Bromwich Albion,1
Egypt,A,7,DF,Ahmed Fathy,10/11/1984,33,125,3,Al Ahly,1
Egypt,A,8,MF,Tarek Hamed,24/10/1988,29,20,0,Zamalek,1
Egypt,A,9,FW,Marwan Mohsen,26/02/1989,29,23,4,Al Ahly,1
Egypt,A,10,FW,Mohamed Salah,15/06/1992,25,57,33,Liverpool,1
Egypt,A,11,FW,Kahraba,13/04/1994,24,18,3,Al-Ittihad,1
Egypt,A,12,DF,Ayman Ashraf,09/04/1991,27,4,0,Al Ahly,1
Egypt,A,13,DF,Mohamed Abdel-Shafy,01/07/1985,32,50,1,Al-Fateh,1
Egypt,A,14,FW,Ramadan Sobhi,23/01/1997,21,22,1,Stoke City,1
Egypt,A,15,DF,Mahmoud Hamdy,01/06/1995,23,0,0,Zamalek,1
Egypt,A,16,GK,Sherif Ekramy,10/07/1983,34,22,0,Al Ahly,1
Egypt,A,17,MF,Mohamed Elneny,11/07/1992,25,60,5,Arsenal,1
Egypt,A,18,FW,Shikabala,05/03/1986,32,29,2,Al-Raed,1
Egypt,A,19,MF,Abdallah Said,13/07/1985,32,35,6,KuPS,1
Egypt,A,20,DF,Saad Samir,01/04/1989,29,11,0,Al Ahly,1
Egypt,A,21,MF,Trézéguet,01/10/1994,23,23,2,Kasımpaşa,1
Egypt,A,22,FW,Amr Warda,17/09/1993,24,15,0,Atromitos,1
Egypt,A,23,GK,Mohamed El-Shenawy,18/12/1988,29,2,0,Al Ahly,1
Russia,A,1,GK,Igor Akinfeev (captain),08/04/1986,32,105,0,CSKA Moscow,1
Russia,A,2,DF,Mário Fernandes,19/09/1990,27,4,0,CSKA Moscow,1
Russia,A,3,DF,Ilya Kutepov,29/07/1993,24,6,0,Spartak Moscow,1
Russia,A,4,DF,Sergei Ignashevich,14/07/1979,38,121,8,CSKA Moscow,1
Russia,A,5,DF,Andrei Semyonov,24/03/1989,29,6,0,Akhmat Grozny,1
Russia,A,6,MF,Denis Cheryshev,26/12/1990,27,11,0,Villarreal,1
Russia,A,7,MF,Daler Kuzyayev,15/01/1993,25,5,0,Zenit Saint Petersburg,1
Russia,A,8,MF,Yury Gazinsky,20/07/1989,28,5,0,Krasnodar,1
Russia,A,9,MF,Alan Dzagoev,17/06/1990,27,56,9,CSKA Moscow,1
Russia,A,10,FW,Fyodor Smolov,09/02/1990,28,31,12,Krasnodar,1
Russia,A,11,MF,Roman Zobnin,11/02/1994,24,11,0,Spartak Moscow,1
Russia,A,12,GK,Andrey Lunyov,13/11/1991,26,3,0,Zenit Saint Petersburg,1
Russia,A,13,DF,Fyodor Kudryashov,05/04/1987,31,18,0,Rubin Kazan,1
Russia,A,14,DF,Vladimir Granat,22/05/1987,31,12,1,Rubin Kazan,1
Russia,A,15,MF,Aleksei Miranchuk,17/10/1995,22,17,4,Lokomotiv Moscow,1
Russia,A,16,MF,Anton Miranchuk,17/10/1995,22,5,0,Lokomotiv Moscow,1
Russia,A,17,MF,Aleksandr Golovin,30/05/1996,22,18,2,CSKA Moscow,1
Russia,A,18,MF,Yuri Zhirkov,20/08/1983,34,83,2,Zenit Saint Petersburg,1
Russia,A,19,MF,Aleksandr Samedov,19/07/1984,33,47,6,Spartak Moscow,1
Russia,A,20,GK,Vladimir Gabulov,19/10/1983,34,10,0,Club Brugge,1
Russia,A,21,MF,Aleksandr Yerokhin,13/10/1989,28,17,0,Zenit Saint Petersburg,1
Russia,A,22,FW,Artem Dzyuba,22/08/1988,29,23,11,Arsenal Tula,1
Russia,A,23,DF,Igor Smolnikov,08/08/1988,29,26,0,Zenit Saint Petersburg,1
Saudi Arabia,A,1,GK,Abdullah Al-Mayouf,23/01/1987,31,10,0,Al-Hilal,1
Saudi Arabia,A,2,DF,Mansoor Al-Harbi,19/10/1987,30,39,1,Al-Ahli,1
Saudi Arabia,A,3,DF,Osama Hawsawi (captain),31/03/1984,34,134,7,Al-Hilal,1
Saudi Arabia,A,4,DF,Ali Al-Bulaihi,21/11/1989,28,3,0,Al-Hilal,1
Saudi Arabia,A,5,DF,Omar Hawsawi,27/09/1985,32,41,3,Al-Nassr,1
Saudi Arabia,A,6,DF,Mohammed Al-Breik,15/09/1992,25,10,1,Al-Hilal,1
Saudi Arabia,A,7,MF,Salman Al-Faraj,01/08/1989,28,42,3,Al-Hilal,1
Saudi Arabia,A,8,MF,Yahya Al-Shehri,26/06/1990,27,56,8,Leganés,1
Saudi Arabia,A,9,MF,Hattan Bahebri,16/07/1992,25,4,0,Al-Shabab,1
Saudi Arabia,A,10,FW,Mohammad Al-Sahlawi,10/01/1987,31,39,28,Al-Nassr,1
Saudi Arabia,A,11,MF,Abdulmalek Al-Khaibri,13/03/1986,32,36,0,Al-Hilal,1
Saudi Arabia,A,12,MF,Mohamed Kanno,22/09/1994,23,6,1,Al-Hilal,1
Saudi Arabia,A,13,DF,Yasser Al-Shahrani,25/05/1992,26,36,0,Al-Hilal,1
Saudi Arabia,A,14,MF,Abdullah Otayf,03/08/1992,25,15,1,Al-Hilal,1
Saudi Arabia,A,15,MF,Abdullah Al-Khaibari,16/08/1996,21,4,0,Al-Shabab,1
Saudi Arabia,A,16,MF,Housain Al-Mogahwi,24/03/1988,30,17,1,Al-Ahli,1
Saudi Arabia,A,17,MF,Taisir Al-Jassim,25/07/1984,33,131,18,Al-Ahli,1
Saudi Arabia,A,18,MF,Salem Al-Dawsari,19/08/1991,26,32,4,Villarreal,1
Saudi Arabia,A,19,FW,Fahad Al-Muwallad,14/09/1994,23,44,10,Levante,1
Saudi Arabia,A,20,FW,Muhannad Assiri,14/10/1986,31,18,4,Al-Ahli,1
Saudi Arabia,A,21,GK,Yasser Al-Mosailem,27/02/1984,34,32,0,Al-Ahli,1
Saudi Arabia,A,22,GK,Mohammed Al-Owais,10/10/1991,26,6,0,Al-Ahli,1
Saudi Arabia,A,23,DF,Motaz Hawsawi,17/02/1992,26,17,0,Al-Ahli,1
Uruguay,A,1,GK,Fernando Muslera,16/06/1986,31,96,0,Galatasaray,1
Uruguay,A,2,DF,José Giménez,20/01/1995,23,41,4,Atlético Madrid,1
Uruguay,A,3,DF,Diego Godín (captain),16/02/1986,32,115,8,Atlético Madrid,1
Uruguay,A,4,DF,Guillermo Varela,24/03/1993,25,3,0,Peñarol,1
Uruguay,A,5,MF,Carlos Sánchez,02/12/1984,33,35,1,Monterrey,1
Uruguay,A,6,MF,Rodrigo Bentancur,25/06/1997,20,6,0,Juventus,1
Uruguay,A,7,MF,Cristian Rodríguez,30/09/1985,32,104,11,Peñarol,1
Uruguay,A,8,MF,Nahitan Nández,28/12/1995,22,11,0,Boca Juniors,1
Uruguay,A,9,FW,Luis Suárez,24/01/1987,31,97,50,Barcelona,1
Uruguay,A,10,FW,Giorgian De Arrascaeta,01/06/1994,24,13,1,Cruzeiro,1
Uruguay,A,11,FW,Cristhian Stuani,12/10/1986,31,40,5,Girona,1
Uruguay,A,12,GK,Martín Campaña,29/05/1989,29,1,0,Independiente,1
Uruguay,A,13,DF,Gastón Silva,05/03/1994,24,17,0,Independiente,1
Uruguay,A,14,MF,Lucas Torreira,11/02/1996,22,2,0,Sampdoria,1
Uruguay,A,15,MF,Matías Vecino,24/08/1991,26,21,1,Inter Milan,1
Uruguay,A,16,DF,Maxi Pereira,08/06/1984,33,124,3,Porto,1
Uruguay,A,17,MF,Diego Laxalt,07/02/1993,25,5,0,Genoa,1
Uruguay,A,18,FW,Maxi Gómez,14/08/1996,21,4,0,Celta Vigo,1
Uruguay,A,19,DF,Sebastián Coates,07/10/1990,27,30,1,Sporting CP,1
Uruguay,A,20,FW,Jonathan Urretaviscaya,19/03/1990,28,4,0,Monterrey,1
Uruguay,A,21,FW,Edinson Cavani,14/02/1987,31,100,42,Paris Saint-Germain,1
Uruguay,A,22,DF,Martín Cáceres,07/04/1987,31,75,4,Lazio,1
Uruguay,A,23,GK,Martín Silva,25/03/1983,35,11,0,Vasco da Gama,1
Iran,B,1,GK,Alireza Beiranvand,21/09/1992,25,21,0,Persepolis,1
Iran,B,2,MF,Mehdi Torabi,10/09/1994,23,16,4,Saipa,1
Iran,B,3,DF,Ehsan Hajsafi,25/02/1990,28,93,6,Olympiacos,1
Iran,B,4,DF,Rouzbeh Cheshmi,24/07/1993,24,9,1,Esteghlal,1
Iran,B,5,DF,Milad Mohammadi,29/09/1993,24,18,0,Akhmat Grozny,1
Iran,B,6,MF,Saeid Ezatolahi,01/10/1996,21,25,1,Amkar Perm,1
Iran,B,7,MF,Masoud Shojaei (captain),09/06/1984,33,73,8,AEK Athens,1
Iran,B,8,DF,Morteza Pouraliganji,19/04/1992,26,26,2,Al-Sadd,1
Iran,B,9,MF,Omid Ebrahimi,16/09/1987,30,29,0,Esteghlal,1
Iran,B,10,FW,Karim Ansarifard,03/04/1990,28,63,16,Olympiacos,1
Iran,B,11,MF,Vahid Amiri,02/04/1988,30,35,1,Persepolis,1
Iran,B,12,GK,Mohammad Rashid Mazaheri,18/05/1989,29,3,0,Zob Ahan Esfahan,1
Iran,B,13,DF,Mohammad Reza Khanzadeh,11/05/1991,27,11,1,Padideh,1
Iran,B,14,FW,Saman Ghoddos,06/09/1993,24,7,1,Östersund,1
Iran,B,15,DF,Pejman Montazeri,06/09/1983,34,46,1,Esteghlal,1
Iran,B,16,FW,Reza Ghoochannejhad,20/09/1987,30,42,17,Heerenveen,1
Iran,B,17,FW,Mehdi Taremi,18/07/1992,25,25,11,Al-Gharafa,1
Iran,B,18,FW,Alireza Jahanbakhsh,11/08/1993,24,37,4,AZ,1
Iran,B,19,DF,Majid Hosseini,20/06/1996,21,1,0,Esteghlal,1
Iran,B,20,FW,Sardar Azmoun,01/01/1995,23,32,23,Rubin Kazan,1
Iran,B,21,FW,Ashkan Dejagah,05/07/1986,31,45,9,Nottingham Forest,1
Iran,B,22,GK,Amir Abedzadeh,26/04/1993,25,1,0,Marítimo,1
Iran,B,23,DF,Ramin Rezaeian,21/03/1990,28,27,2,Oostende,1
Morocco,B,1,GK,Yassine Bounou,05/04/1991,27,11,0,Girona,1
Morocco,B,2,DF,Achraf Hakimi,04/11/1998,19,9,1,Real Madrid,1
Morocco,B,3,DF,Hamza Mendyl,21/10/1997,20,13,0,Lille,1
Morocco,B,4,DF,Manuel da Costa,06/05/1986,32,27,1,İstanbul Başakşehir,1
Morocco,B,5,DF,Medhi Benatia (captain),17/04/1987,31,56,2,Juventus,1
Morocco,B,6,DF,Romain Saïss,26/03/1990,28,23,1,Wolverhampton Wanderers,1
Morocco,B,7,MF,Hakim Ziyech,19/03/1993,25,17,8,Ajax,1
Morocco,B,8,MF,Karim El Ahmadi,27/01/1985,33,50,1,Feyenoord,1
Morocco,B,9,FW,Ayoub El Kaabi,25/06/1993,24,9,11,RS Berkane,1
Morocco,B,10,MF,Younès Belhanda,25/02/1990,28,46,4,Galatasaray,1
Morocco,B,11,MF,Fayçal Fajr,01/08/1988,29,23,2,Getafe,1
Morocco,B,12,GK,Munir Mohamedi,10/05/1989,29,26,0,Numancia,1
Morocco,B,13,FW,Khalid Boutaïb,24/04/1987,31,17,7,Yeni Malatyaspor,1
Morocco,B,14,MF,Mbark Boussoufa,15/08/1984,33,58,7,Al-Jazira,1
Morocco,B,15,MF,Youssef Aït Bennasser,07/07/1996,21,13,0,Caen,1
Morocco,B,16,MF,Nordin Amrabat,31/03/1987,31,43,4,Leganés,1
Morocco,B,17,DF,Nabil Dirar,25/02/1986,32,34,3,Fenerbahçe,1
Morocco,B,18,MF,Amine Harit,18/06/1997,20,5,0,Schalke 04,1
Morocco,B,19,FW,Youssef En-Nesyri,01/06/1997,21,15,1,Málaga,1
Morocco,B,20,FW,Aziz Bouhaddouz,30/03/1987,31,14,3,FC St. Pauli,1
Morocco,B,21,MF,Sofyan Amrabat,21/08/1996,21,5,0,Feyenoord,1
Morocco,B,22,GK,Ahmed Reda Tagnaouti,05/04/1996,22,2,0,IR Tanger,1
Morocco,B,23,MF,Mehdi Carcela,01/07/1989,28,20,1,Standard Liège,1
Portugal,B,1,GK,Rui Patrício,15/02/1988,30,68,0,Sporting CP,1
Portugal,B,2,DF,Bruno Alves,27/11/1981,36,95,11,Rangers,1
Portugal,B,3,DF,Pepe,26/02/1983,35,94,5,Beşiktaş,1
Portugal,B,4,MF,Manuel Fernandes,05/02/1986,32,14,3,Lokomotiv Moscow,1
Portugal,B,5,DF,Raphaël Guerreiro,22/12/1993,24,23,2,Borussia Dortmund,1
Portugal,B,6,DF,José Fonte,22/12/1983,34,30,0,Dalian Yifang,1
Portugal,B,7,FW,Cristiano Ronaldo (captain),05/02/1985,33,149,81,Real Madrid,1
Portugal,B,8,MF,João Moutinho,08/09/1986,31,109,7,Monaco,1
Portugal,B,9,FW,André Silva,06/11/1995,22,22,12,Milan,1
Portugal,B,10,MF,João Mário,19/01/1993,25,35,2,West Ham United,1
Portugal,B,11,MF,Bernardo Silva,10/08/1994,23,24,2,Manchester City,1
Portugal,B,12,GK,Anthony Lopes,01/10/1990,27,7,0,Lyon,1
Portugal,B,13,DF,Rúben Dias,14/05/1997,21,1,0,Benfica,1
Portugal,B,14,MF,William Carvalho,07/04/1992,26,42,2,Sporting CP,1
Portugal,B,15,DF,Ricardo Pereira,06/10/1993,24,4,0,Porto,1
Portugal,B,16,MF,Bruno Fernandes,08/09/1994,23,5,0,Sporting CP,1
Portugal,B,17,FW,Gonçalo Guedes,29/11/1996,21,9,1,Valencia,1
Portugal,B,18,FW,Gelson Martins,11/05/1995,23,18,0,Sporting CP,1
Portugal,B,19,DF,Mário Rui,27/05/1991,27,3,0,Napoli,1
Portugal,B,20,FW,Ricardo Quaresma,26/09/1983,34,76,9,Beşiktaş,1
Portugal,B,21,DF,Cédric,31/08/1991,26,28,1,Southampton,1
Portugal,B,22,GK,Beto,01/05/1982,36,14,0,Göztepe,1
Portugal,B,23,MF,Adrien Silva,15/03/1989,29,22,1,Leicester City,1
Spain,B,1,GK,David de Gea,07/11/1990,27,28,0,Manchester United,1
Spain,B,2,DF,Dani Carvajal,11/01/1992,26,15,0,Real Madrid,1
Spain,B,3,DF,Gerard Piqué,02/02/1987,31,97,5,Barcelona,1
Spain,B,4,DF,Nacho,18/01/1990,28,16,0,Real Madrid,1
Spain,B,5,MF,Sergio Busquets,16/07/1988,29,102,2,Barcelona,1
Spain,B,6,MF,Andrés Iniesta,11/05/1984,34,126,14,Barcelona,1
Spain,B,7,MF,Saúl,21/11/1994,23,10,0,Atlético Madrid,1
Spain,B,8,MF,Koke,08/01/1992,26,39,0,Atlético Madrid,1
Spain,B,9,FW,Rodrigo,06/03/1991,27,5,2,Valencia,1
Spain,B,10,MF,Thiago,11/04/1991,27,28,2,Bayern Munich,1
Spain,B,11,FW,Lucas Vázquez,01/07/1991,26,6,0,Real Madrid,1
Spain,B,12,DF,Álvaro Odriozola,14/12/1995,22,3,1,Real Sociedad,1
Spain,B,13,GK,Kepa Arrizabalaga,03/10/1994,23,1,0,Athletic Bilbao,1
Spain,B,14,DF,César Azpilicueta,28/08/1989,28,22,0,Chelsea,1
Spain,B,15,DF,Sergio Ramos (captain),30/03/1986,32,151,13,Real Madrid,1
Spain,B,16,DF,Nacho Monreal,26/02/1986,32,22,1,Arsenal,1
Spain,B,17,FW,Iago Aspas,01/08/1987,30,9,4,Celta Vigo,1
Spain,B,18,DF,Jordi Alba,21/03/1989,29,61,8,Barcelona,1
Spain,B,19,FW,Diego Costa,07/10/1988,29,19,7,Atlético Madrid,1
Spain,B,20,MF,Marco Asensio,21/01/1996,22,11,0,Real Madrid,1
Spain,B,21,FW,David Silva,08/01/1986,32,120,35,Manchester City,1
Spain,B,22,MF,Isco,21/04/1992,26,27,10,Real Madrid,1
Spain,B,23,GK,Pepe Reina,31/08/1982,35,36,0,Napoli,1
Australia,C,1,GK,Mathew Ryan,08/04/1992,26,43,0,Brighton & Hove Albion,1
Australia,C,2,DF,Milos Degenek,28/04/1994,24,18,0,Yokohama F. Marinos,1
Australia,C,3,DF,James Meredith,05/04/1988,30,2,0,Millwall,1
Australia,C,4,FW,Tim Cahill,06/12/1979,38,105,50,Millwall,1
Australia,C,5,DF,Mark Milligan,04/08/1985,32,70,6,Al-Ahli,1
Australia,C,6,DF,Matthew Jurman,08/12/1989,28,4,0,Suwon Samsung Bluewings,1
Australia,C,7,FW,Mathew Leckie,04/02/1991,27,52,8,Hertha BSC,1
Australia,C,8,MF,Massimo Luongo,25/09/1992,25,35,5,Queens Park Rangers,1
Australia,C,9,FW,Tomi Juric,22/07/1991,26,34,8,Luzern,1
Australia,C,10,FW,Robbie Kruse,05/10/1988,29,63,5,VfL Bochum,1
Australia,C,11,FW,Andrew Nabbout,17/12/1992,25,3,1,Urawa Red Diamonds,1
Australia,C,12,GK,Brad Jones,19/03/1982,36,5,0,Feyenoord,1
Australia,C,13,MF,Aaron Mooy,15/09/1990,27,33,5,Huddersfield Town,1
Australia,C,14,FW,Jamie Maclaren,29/07/1993,24,6,0,Hibernian,1
Australia,C,15,MF,Mile Jedinak (captain),03/08/1984,33,75,18,Aston Villa,1
Australia,C,16,DF,Aziz Behich,16/12/1990,27,22,2,Bursaspor,1
Australia,C,17,FW,Daniel Arzani,04/01/1999,19,1,0,Melbourne City,1
Australia,C,18,GK,Danny Vukovic,27/03/1985,33,1,0,Genk,1
Australia,C,19,DF,Josh Risdon,27/07/1992,25,7,0,Western Sydney Wanderers,1
Australia,C,20,DF,Trent Sainsbury,05/01/1992,26,34,3,Grasshoppers,1
Australia,C,21,FW,Dimitri Petratos,10/11/1992,25,2,0,Newcastle Jets,1
Australia,C,22,MF,Jackson Irvine,07/03/1993,25,18,2,Hull City,1
Australia,C,23,MF,Tom Rogic,16/12/1992,25,36,7,Celtic,1
Denmark,C,1,GK,Kasper Schmeichel,05/11/1986,31,34,0,Leicester City,1
Denmark,C,2,MF,Michael Krohn-Dehli,06/06/1983,34,58,6,Deportivo La Coruña,1
Denmark,C,3,DF,Jannik Vestergaard,03/08/1992,25,16,1,Borussia Mönchengladbach,1
Denmark,C,4,DF,Simon Kjær (captain),26/03/1989,29,77,3,Sevilla,1
Denmark,C,5,DF,Jonas Knudsen,16/09/1992,25,3,0,Ipswich Town,1
Denmark,C,6,DF,Andreas Christensen,10/04/1996,22,15,1,Chelsea,1
Denmark,C,7,MF,William Kvist,24/02/1985,33,79,2,Copenhagen,1
Denmark,C,8,MF,Thomas Delaney,03/09/1991,26,26,4,Werder Bremen,1
Denmark,C,9,FW,Nicolai Jørgensen,15/01/1991,27,30,8,Feyenoord,1
Denmark,C,10,MF,Christian Eriksen,14/02/1992,26,77,21,Tottenham Hotspur,1
Denmark,C,11,FW,Martin Braithwaite,05/06/1991,27,19,1,Bordeaux,1
Denmark,C,12,FW,Kasper Dolberg,06/10/1997,20,5,1,Ajax,1
Denmark,C,13,DF,Mathias Jørgensen,23/04/1990,28,12,0,Huddersfield Town,1
Denmark,C,14,DF,Henrik Dalsgaard,27/07/1989,28,10,0,Brentford,1
Denmark,C,15,FW,Viktor Fischer,09/06/1994,23,18,3,Copenhagen,1
Denmark,C,16,GK,Jonas Lössl,01/02/1989,29,1,0,Huddersfield Town,1
Denmark,C,17,DF,Jens Stryger Larsen,21/02/1991,27,12,1,Udinese,1
Denmark,C,18,MF,Lukas Lerager,12/07/1993,24,3,0,Bordeaux,1
Denmark,C,19,MF,Lasse Schöne,27/05/1986,32,35,3,Ajax,1
Denmark,C,20,FW,Yussuf Poulsen,15/06/1994,23,27,3,RB Leipzig,1
Denmark,C,21,FW,Andreas Cornelius,16/03/1993,25,18,4,Atalanta,1
Denmark,C,22,GK,Frederik Rønnow,04/08/1992,25,6,0,Brøndby,1
Denmark,C,23,FW,Pione Sisto,04/02/1995,23,13,1,Celta Vigo,1
France,C,1,GK,Hugo Lloris (captain),26/12/1986,31,97,0,Tottenham Hotspur,1
France,C,2,DF,Benjamin Pavard,28/03/1996,22,5,0,VfB Stuttgart,1
France,C,3,DF,Presnel Kimpembe,13/08/1995,22,2,0,Paris Saint-Germain,1
France,C,4,DF,Raphaël Varane,25/04/1993,25,41,2,Real Madrid,1
France,C,5,DF,Samuel Umtiti,14/11/1993,24,18,2,Barcelona,1
France,C,6,MF,Paul Pogba,15/03/1993,25,53,9,Manchester United,1
France,C,7,FW,Antoine Griezmann,21/03/1991,27,53,20,Atlético Madrid,1
France,C,8,FW,Thomas Lemar,12/11/1995,22,11,3,Monaco,1
France,C,9,FW,Olivier Giroud,30/09/1986,31,73,31,Chelsea,1
France,C,10,FW,Kylian Mbappé,20/12/1998,19,14,3,Paris Saint-Germain,1
France,C,11,FW,Ousmane Dembélé,15/05/1997,21,11,2,Barcelona,1
France,C,12,MF,Corentin Tolisso,03/08/1994,23,8,0,Bayern Munich,1
France,C,13,MF,N'Golo Kanté,29/03/1991,27,23,1,Chelsea,1
France,C,14,MF,Blaise Matuidi,09/04/1987,31,66,9,Juventus,1
France,C,15,MF,Steven Nzonzi,15/12/1988,29,4,0,Sevilla,1
France,C,16,GK,Steve Mandanda,28/03/1985,33,27,0,Marseille,1
France,C,17,DF,Adil Rami,27/12/1985,32,35,1,Marseille,1
France,C,18,FW,Nabil Fekir,18/07/1993,24,11,2,Lyon,1
France,C,19,DF,Djibril Sidibé,29/07/1992,25,16,1,Monaco,1
France,C,20,FW,Florian Thauvin,26/01/1993,25,4,0,Marseille,1
France,C,21,DF,Lucas Hernández,14/02/1996,22,4,0,Atlético Madrid,1
France,C,22,DF,Benjamin Mendy,17/07/1994,23,6,0,Manchester City,1
France,C,23,GK,Alphonse Areola,27/02/1993,25,0,0,Paris Saint-Germain,1
Peru,C,1,GK,Pedro Gallese,23/02/1990,28,37,0,Veracruz,1
Peru,C,2,DF,Alberto Rodríguez,31/03/1984,34,58,0,Atlético Junior,1
Peru,C,3,DF,Aldo Corzo,20/05/1989,29,25,0,Universitario,1
Peru,C,4,DF,Anderson Santamaría,10/01/1992,26,3,0,Puebla,1
Peru,C,5,DF,Miguel Araujo,24/10/1994,23,7,0,Alianza Lima,1
Peru,C,6,DF,Miguel Trauco,25/08/1992,25,26,0,Flamengo,1
Peru,C,7,MF,Paolo Hurtado,27/07/1990,27,31,3,Vitória de Guimarães,1
Peru,C,8,MF,Christian Cueva,23/11/1991,26,43,8,São Paulo,1
Peru,C,9,FW,Paolo Guerrero (captain),01/01/1984,34,87,34,Flamengo,1
Peru,C,10,FW,Jefferson Farfán,26/10/1984,33,83,25,Lokomotiv Moscow,1
Peru,C,11,FW,Raúl Ruidíaz,25/07/1990,27,30,4,Morelia,1
Peru,C,12,GK,Carlos Cáceda,27/09/1991,26,4,0,Deportivo Municipal,1
Peru,C,13,MF,Renato Tapia,28/07/1995,22,22,1,Feyenoord,1
Peru,C,14,MF,Andy Polo,29/09/1994,23,16,1,Portland Timbers,1
Peru,C,15,DF,Christian Ramos,04/11/1988,29,65,3,Veracruz,1
Peru,C,16,MF,Wilder Cartagena,23/09/1994,23,3,0,Veracruz,1
Peru,C,17,DF,Luis Advíncula,02/03/1990,28,64,0,Lobos BUAP,1
Peru,C,18,FW,André Carrillo,14/06/1991,26,44,5,Watford,1
Peru,C,19,MF,Yoshimar Yotún,07/04/1990,28,72,2,Orlando City,1
Peru,C,20,FW,Edison Flores,14/05/1994,24,28,9,AaB,1
Peru,C,21,GK,José Carvallo,01/03/1986,32,6,0,UTC,1
Peru,C,22,DF,Nilson Loyola,26/10/1994,23,3,0,Melgar,1
Peru,C,23,MF,Pedro Aquino,13/04/1995,23,12,0,Lobos BUAP,1
Argentina,D,1,GK,Nahuel Guzmán,10/02/1986,32,6,0,UANL,1
Argentina,D,2,DF,Gabriel Mercado,18/03/1987,31,20,3,Sevilla,1
Argentina,D,3,DF,Nicolás Tagliafico,31/08/1992,25,4,0,Ajax,1
Argentina,D,4,DF,Cristian Ansaldi,20/09/1986,31,5,0,Torino,1
Argentina,D,5,MF,Lucas Biglia,30/01/1986,32,57,1,Milan,1
Argentina,D,6,DF,Federico Fazio,17/03/1987,31,9,1,Roma,1
Argentina,D,7,MF,Éver Banega,29/06/1988,29,62,6,Sevilla,1
Argentina,D,8,DF,Marcos Acuña,28/10/1991,26,10,0,Sporting CP,1
Argentina,D,9,FW,Gonzalo Higuaín,10/12/1987,30,71,31,Juventus,1
Argentina,D,10,FW,Lionel Messi (captain),24/06/1987,30,124,64,Barcelona,1
Argentina,D,11,MF,Ángel Di María,14/02/1988,30,94,19,Paris Saint-Germain,1
Argentina,D,12,GK,Franco Armani,16/10/1986,31,0,0,River Plate,1
Argentina,D,13,MF,Maximiliano Meza,15/12/1992,25,2,0,Independiente,1
Argentina,D,14,DF,Javier Mascherano,08/06/1984,33,143,3,Hebei China Fortune,1
Argentina,D,15,MF,Manuel Lanzini,15/02/1993,25,4,1,West Ham United,1
Argentina,D,16,DF,Marcos Rojo,20/03/1990,28,56,2,Manchester United,1
Argentina,D,17,DF,Nicolás Otamendi,12/02/1988,30,54,4,Manchester City,1
Argentina,D,18,DF,Eduardo Salvio,13/07/1990,27,9,0,Benfica,1
Argentina,D,19,FW,Sergio Agüero,02/06/1988,30,85,37,Manchester City,1
Argentina,D,20,MF,Giovani Lo Celso,09/04/1996,22,5,0,Paris Saint-Germain,1
Argentina,D,21,FW,Paulo Dybala,15/11/1993,24,12,0,Juventus,1
Argentina,D,22,MF,Cristian Pavón,21/01/1996,22,5,0,Boca Juniors,1
Argentina,D,23,GK,Willy Caballero,28/09/1981,36,3,0,Chelsea,1
Croatia,D,1,GK,Dominik Livaković,09/01/1995,23,1,0,Dinamo Zagreb,1
Croatia,D,2,DF,Šime Vrsaljko,10/01/1992,26,35,0,Atlético Madrid,1
Croatia,D,3,DF,Ivan Strinić,17/07/1987,30,42,0,Sampdoria,1
Croatia,D,4,FW,Ivan Perišić,02/02/1989,29,65,17,Inter Milan,1
Croatia,D,5,DF,Vedran Ćorluka,05/02/1986,32,98,4,Lokomotiv Moscow,1
Croatia,D,6,DF,Dejan Lovren,05/07/1989,28,38,2,Liverpool,1
Croatia,D,7,MF,Ivan Rakitić,10/03/1988,30,91,14,Barcelona,1
Croatia,D,8,MF,Mateo Kovačić,06/05/1994,24,40,1,Real Madrid,1
Croatia,D,9,FW,Andrej Kramarić,19/06/1991,26,30,8,1899 Hoffenheim,1
Croatia,D,10,MF,Luka Modrić (captain),09/09/1985,32,105,12,Real Madrid,1
Croatia,D,11,MF,Marcelo Brozović,16/11/1992,25,34,6,Inter Milan,1
Croatia,D,12,GK,Lovre Kalinić,03/04/1990,28,10,0,Gent,1
Croatia,D,13,DF,Tin Jedvaj,28/11/1995,22,11,0,Bayer Leverkusen,1
Croatia,D,14,MF,Filip Bradarić,11/01/1992,26,4,0,Rijeka,1
Croatia,D,15,DF,Duje Ćaleta-Car,17/09/1996,21,1,0,Red Bull Salzburg,1
Croatia,D,16,FW,Nikola Kalinić,05/01/1988,30,41,15,Milan,1
Croatia,D,17,FW,Mario Mandžukić,21/05/1986,32,82,30,Juventus,1
Croatia,D,18,FW,Ante Rebić,21/09/1993,24,15,1,Eintracht Frankfurt,1
Croatia,D,19,MF,Milan Badelj,25/02/1989,29,37,1,Fiorentina,1
Croatia,D,20,FW,Marko Pjaca,06/05/1995,23,16,1,Schalke 04,1
Croatia,D,21,DF,Domagoj Vida,29/04/1989,29,58,2,Beşiktaş,1
Croatia,D,22,DF,Josip Pivarić,30/01/1989,29,19,0,Dynamo Kyiv,1
Croatia,D,23,GK,Danijel Subašić,27/10/1984,33,37,0,Monaco,1
Iceland,D,1,GK,Hannes Þór Halldórsson,27/04/1984,34,48,0,Randers,1
Iceland,D,2,DF,Birkir Már Sævarsson,11/11/1984,33,79,1,Valur,1
Iceland,D,3,MF,Samúel Friðjónsson,22/02/1996,22,4,0,Vålerenga,1
Iceland,D,4,MF,Albert Guðmundsson,15/06/1997,20,5,3,PSV Eindhoven,1
Iceland,D,5,DF,Sverrir Ingi Ingason,05/08/1993,24,19,3,Rostov,1
Iceland,D,6,DF,Ragnar Sigurðsson,19/06/1986,31,76,3,Rostov,1
Iceland,D,7,MF,Jóhann Berg Guðmundsson,27/10/1990,27,66,7,Burnley,1
Iceland,D,8,MF,Birkir Bjarnason,27/05/1988,30,66,9,Aston Villa,1
Iceland,D,9,FW,Björn Bergmann Sigurðarson,26/02/1991,27,11,1,Rostov,1
Iceland,D,10,MF,Gylfi Sigurðsson,08/09/1989,28,56,19,Everton,1
Iceland,D,11,FW,Alfreð Finnbogason,01/02/1989,29,46,12,FC Augsburg,1
Iceland,D,12,GK,Frederik Schram,19/01/1995,23,4,0,Roskilde,1
Iceland,D,13,GK,Rúnar Alex Rúnarsson,18/02/1995,23,3,0,Nordsjælland,1
Iceland,D,14,DF,Kári Árnason,13/10/1982,35,66,4,Aberdeen,1
Iceland,D,15,DF,Hólmar Örn Eyjólfsson,06/08/1990,27,9,1,Levski Sofia,1
Iceland,D,16,MF,Ólafur Ingi Skúlason,01/04/1983,35,35,1,Kardemir Karabükspor,1
Iceland,D,17,MF,Aron Gunnarsson (captain),22/04/1989,29,77,2,Cardiff City,1
Iceland,D,18,DF,Hörður Björgvin Magnússon,11/02/1993,25,16,2,Bristol City,1
Iceland,D,19,MF,Rúrik Gíslason,25/02/1988,30,46,3,SV Sandhausen,1
Iceland,D,20,MF,Emil Hallfreðsson,29/06/1984,33,63,1,Udinese,1
Iceland,D,21,MF,Arnór Ingvi Traustason,30/04/1993,25,18,5,Malmö,1
Iceland,D,22,FW,Jón Daði Böðvarsson,25/05/1992,26,37,2,Reading,1
Iceland,D,23,DF,Ari Freyr Skúlason,14/05/1987,31,55,0,Lokeren,1
Nigeria,D,1,GK,Ikechukwu Ezenwa,16/10/1988,29,24,0,Enyimba,1
Nigeria,D,2,DF,Brian Idowu,18/05/1992,26,4,1,Amkar Perm,1
Nigeria,D,3,DF,Elderson Echiéjilé,20/01/1988,30,61,3,Cercle Brugge,1
Nigeria,D,4,MF,Wilfred Ndidi,16/12/1996,21,16,0,Leicester City,1
Nigeria,D,5,DF,William Troost-Ekong,01/09/1993,24,21,1,Bursaspor,1
Nigeria,D,6,DF,Leon Balogun,28/06/1988,29,18,0,Mainz 05,1
Nigeria,D,7,FW,Ahmed Musa,14/10/1992,25,71,13,CSKA Moscow,1
Nigeria,D,8,MF,Oghenekaro Etebo,09/11/1995,22,14,1,Las Palmas,1
Nigeria,D,9,FW,Odion Ighalo,16/06/1989,28,18,4,Changchun Yatai,1
Nigeria,D,10,MF,John Obi Mikel (captain),22/04/1987,31,84,6,Tianjin TEDA,1
Nigeria,D,11,FW,Victor Moses,12/12/1990,27,33,11,Chelsea,1
Nigeria,D,12,DF,Shehu Abdullahi,12/03/1993,25,24,0,Bursaspor,1
Nigeria,D,13,FW,Simeon Nwankwo,07/05/1992,26,1,0,Crotone,1
Nigeria,D,14,FW,Kelechi Iheanacho,10/03/1996,22,17,8,Leicester City,1
Nigeria,D,15,MF,Joel Obi,22/05/1991,27,17,0,Torino,1
Nigeria,D,16,GK,Daniel Akpeyi,08/03/1986,32,7,0,Chippa United,1
Nigeria,D,17,MF,Ogenyi Onazi,25/12/1992,25,52,1,Trabzonspor,1
Nigeria,D,18,FW,Alex Iwobi,03/05/1996,22,18,5,Arsenal,1
Nigeria,D,19,MF,John Ogu,20/04/1988,30,19,2,Hapoel Be'er Sheva,1
Nigeria,D,20,DF,Chidozie Awaziem,01/01/1997,21,4,0,Nantes,1
Nigeria,D,21,DF,Tyronne Ebuehi,16/12/1995,22,6,0,ADO Den Haag,1
Nigeria,D,22,DF,Kenneth Omeruo,17/10/1993,24,39,0,Kasımpaşa,1
Nigeria,D,23,GK,Francis Uzoho,28/10/1998,19,5,0,Deportivo La Coruña,1
Brazil,E,1,GK,Alisson,02/10/1992,25,25,0,Roma,1
Brazil,E,2,DF,Thiago Silva,22/09/1984,33,70,5,Paris Saint-Germain,1
Brazil,E,3,DF,Miranda,07/09/1984,33,46,2,Inter Milan,1
Brazil,E,4,DF,Pedro Geromel,21/09/1985,32,2,0,Grêmio,1
Brazil,E,5,MF,Casemiro,23/02/1992,26,23,0,Real Madrid,1
Brazil,E,6,DF,Filipe Luís,09/08/1985,32,32,2,Atlético Madrid,1
Brazil,E,7,FW,Douglas Costa,14/09/1990,27,24,3,Juventus,1
Brazil,E,8,MF,Renato Augusto,08/02/1988,30,28,5,Beijing Sinobo Guoan,1
Brazil,E,9,FW,Gabriel Jesus,03/04/1997,21,16,9,Manchester City,1
Brazil,E,10,FW,Neymar,05/02/1992,26,84,54,Paris Saint-Germain,1
Brazil,E,11,MF,Philippe Coutinho,12/06/1992,25,36,9,Barcelona,1
Brazil,E,12,DF,Marcelo,12/05/1988,30,53,6,Real Madrid,1
Brazil,E,13,DF,Marquinhos,14/05/1994,24,25,0,Paris Saint-Germain,1
Brazil,E,14,DF,Danilo,15/07/1991,26,17,0,Manchester City,1
Brazil,E,15,MF,Paulinho,25/07/1988,29,49,12,Barcelona,1
Brazil,E,16,GK,Cássio,06/06/1987,30,1,0,Corinthians,1
Brazil,E,17,MF,Fernandinho,04/05/1985,33,43,2,Manchester City,1
Brazil,E,18,MF,Fred,05/03/1993,25,8,0,Shakhtar Donetsk,1
Brazil,E,19,MF,Willian,09/08/1988,29,56,8,Chelsea,1
Brazil,E,20,FW,Roberto Firmino,02/10/1991,26,20,6,Liverpool,1
Brazil,E,21,FW,Taison,13/01/1988,30,7,1,Shakhtar Donetsk,1
Brazil,E,22,DF,Fagner,11/06/1989,28,4,0,Corinthians,1
Brazil,E,23,GK,Ederson,17/08/1993,24,1,0,Manchester City,1
Costa Rica,E,1,GK,Keylor Navas,15/12/1986,31,79,0,Real Madrid,1
Costa Rica,E,2,DF,Johnny Acosta,21/07/1983,34,68,2,Águilas Doradas,1
Costa Rica,E,3,DF,Giancarlo González,08/02/1988,30,68,2,Bologna,1
Costa Rica,E,4,DF,Ian Smith,06/03/1998,20,2,0,Norrköping,1
Costa Rica,E,5,MF,Celso Borges,27/05/1988,30,111,21,Deportivo La Coruña,1
Costa Rica,E,6,DF,Óscar Duarte,03/06/1989,29,38,2,Espanyol,1
Costa Rica,E,7,MF,Christian Bolaños,17/05/1984,34,79,6,Saprissa,1
Costa Rica,E,8,DF,Bryan Oviedo,18/02/1990,28,42,1,Sunderland,1
Costa Rica,E,9,MF,Daniel Colindres,10/01/1985,33,11,0,Saprissa,1
Costa Rica,E,10,MF,Bryan Ruiz (captain),18/08/1985,32,109,23,Sporting CP,1
Costa Rica,E,11,FW,Johan Venegas,27/11/1988,29,45,10,Saprissa,1
Costa Rica,E,12,FW,Joel Campbell,26/06/1992,25,75,15,Real Betis,1
Costa Rica,E,13,MF,Rodney Wallace,17/06/1988,29,30,4,New York City FC,1
Costa Rica,E,14,MF,Randall Azofeifa,30/12/1984,33,57,3,Herediano,1
Costa Rica,E,15,DF,Francisco Calvo,08/07/1992,25,36,4,Minnesota United,1
Costa Rica,E,16,DF,Cristian Gamboa,24/10/1989,28,66,3,Celtic,1
Costa Rica,E,17,MF,Yeltsin Tejeda,17/03/1992,26,49,0,Lausanne,1
Costa Rica,E,18,GK,Patrick Pemberton,24/04/1982,36,39,0,Alajuelense,1
Costa Rica,E,19,DF,Kendall Waston,01/01/1988,30,25,3,Vancouver Whitecaps FC,1
Costa Rica,E,20,MF,David Guzmán,18/02/1990,28,41,0,Portland Timbers,1
Costa Rica,E,21,FW,Marco Ureña,05/03/1990,28,62,15,Los Angeles FC,1
Costa Rica,E,22,DF,Rónald Matarrita,09/07/1994,23,22,2,New York City FC,1
Costa Rica,E,23,GK,Leonel Moreira,02/04/1990,28,9,0,Herediano,1
Serbia,E,1,GK,Vladimir Stojković,28/07/1983,34,80,0,Partizan,1
Serbia,E,2,DF,Antonio Rukavina,26/01/1984,34,46,0,Villarreal,1
Serbia,E,3,DF,Duško Tošić,19/01/1985,33,23,1,Beşiktaş,1
Serbia,E,4,MF,Luka Milivojević,07/04/1991,27,27,1,Crystal Palace,1
Serbia,E,5,DF,Uroš Spajić,13/02/1993,25,5,0,Anderlecht,1
Serbia,E,6,DF,Branislav Ivanović,22/02/1984,34,102,12,Zenit Saint Petersburg,1
Serbia,E,7,MF,Andrija Živković,11/07/1996,21,10,0,Benfica,1
Serbia,E,8,FW,Aleksandar Prijović,21/04/1990,28,8,1,PAOK,1
Serbia,E,9,FW,Aleksandar Mitrović,16/09/1994,23,36,13,Fulham,1
Serbia,E,10,MF,Dušan Tadić,20/11/1988,29,52,13,Southampton,1
Serbia,E,11,DF,Aleksandar Kolarov (captain),10/11/1985,32,75,10,Roma,1
Serbia,E,12,GK,Predrag Rajković,31/10/1995,22,7,0,Maccabi Tel Aviv,1
Serbia,E,13,DF,Miloš Veljković,26/09/1995,22,2,0,Werder Bremen,1
Serbia,E,14,DF,Milan Rodić,02/04/1991,27,1,0,Red Star Belgrade,1
Serbia,E,15,DF,Nikola Milenković,12/10/1997,20,2,0,Fiorentina,1
Serbia,E,16,MF,Marko Grujić,13/04/1996,22,7,0,Cardiff City,1
Serbia,E,17,MF,Filip Kostić,01/11/1992,25,22,2,Hamburger SV,1
Serbia,E,18,FW,Nemanja Radonjić,15/02/1996,22,2,0,Red Star Belgrade,1
Serbia,E,19,FW,Luka Jović,23/12/1997,20,1,0,Eintracht Frankfurt,1
Serbia,E,20,MF,Sergej Milinković-Savić,27/02/1995,23,3,0,Lazio,1
Serbia,E,21,MF,Nemanja Matić,01/08/1988,29,39,2,Manchester United,1
Serbia,E,22,MF,Adem Ljajić,29/09/1991,26,28,5,Torino,1
Serbia,E,23,GK,Marko Dmitrović,24/01/1992,26,2,0,Eibar,1
Switzerland,E,1,GK,Yann Sommer,17/12/1988,29,35,0,Borussia Mönchengladbach,1
Switzerland,E,2,DF,Stephan Lichtsteiner (captain),16/01/1984,34,99,8,Juventus,1
Switzerland,E,3,DF,François Moubandje,21/06/1990,27,17,0,Toulouse,1
Switzerland,E,4,DF,Nico Elvedi,30/09/1996,21,5,0,Borussia Mönchengladbach,1
Switzerland,E,5,DF,Manuel Akanji,19/07/1995,22,6,0,Borussia Dortmund,1
Switzerland,E,6,DF,Michael Lang,08/02/1991,27,24,2,Basel,1
Switzerland,E,7,FW,Breel Embolo,14/02/1997,21,24,3,Schalke 04,1
Switzerland,E,8,MF,Remo Freuler,15/04/1992,26,9,0,Atalanta,1
Switzerland,E,9,FW,Haris Seferović,22/02/1992,26,50,11,Benfica,1
Switzerland,E,10,MF,Granit Xhaka,27/09/1992,25,61,9,Arsenal,1
Switzerland,E,11,MF,Valon Behrami,19/04/1985,33,78,2,Udinese,1
Switzerland,E,12,GK,Yvon Mvogo,06/06/1994,23,0,0,RB Leipzig,1
Switzerland,E,13,DF,Ricardo Rodríguez,25/08/1992,25,52,4,Milan,1
Switzerland,E,14,MF,Steven Zuber,17/08/1991,26,11,3,1899 Hoffenheim,1
Switzerland,E,15,MF,Blerim Džemaili,12/04/1986,32,64,9,Bologna,1
Switzerland,E,16,MF,Gelson Fernandes,02/09/1986,31,67,2,Eintracht Frankfurt,1
Switzerland,E,17,MF,Denis Zakaria,20/11/1996,21,10,0,Borussia Mönchengladbach,1
Switzerland,E,18,FW,Mario Gavranović,24/11/1989,28,13,5,Dinamo Zagreb,1
Switzerland,E,19,FW,Josip Drmić,08/08/1992,25,28,9,Borussia Mönchengladbach,1
Switzerland,E,20,DF,Johan Djourou,18/01/1987,31,74,2,Antalyaspor,1
Switzerland,E,21,GK,Roman Bürki,14/11/1990,27,8,0,Borussia Dortmund,1
Switzerland,E,22,DF,Fabian Schär,20/12/1991,26,38,7,Deportivo La Coruña,1
Switzerland,E,23,MF,Xherdan Shaqiri,10/10/1991,26,69,20,Stoke City,1
Germany,F,1,GK,Manuel Neuer (captain),27/03/1986,32,75,0,Bayern Munich,1
Germany,F,2,DF,Marvin Plattenhardt,26/01/1992,26,6,0,Hertha BSC,1
Germany,F,3,DF,Jonas Hector,27/05/1990,28,37,3,1. FC Köln,1
Germany,F,4,DF,Matthias Ginter,19/01/1994,24,17,0,Borussia Mönchengladbach,1
Germany,F,5,DF,Mats Hummels,16/12/1988,29,63,5,Bayern Munich,1
Germany,F,6,MF,Sami Khedira,04/04/1987,31,74,7,Juventus,1
Germany,F,7,MF,Julian Draxler,20/09/1993,24,43,6,Paris Saint-Germain,1
Germany,F,8,MF,Toni Kroos,04/01/1990,28,82,12,Real Madrid,1
Germany,F,9,FW,Timo Werner,06/03/1996,22,13,7,RB Leipzig,1
Germany,F,10,MF,Mesut Özil,15/10/1988,29,90,23,Arsenal,1
Germany,F,11,FW,Marco Reus,31/05/1989,29,30,9,Borussia Dortmund,1
Germany,F,12,GK,Kevin Trapp,08/07/1990,27,3,0,Paris Saint-Germain,1
Germany,F,13,MF,Thomas Müller,13/09/1989,28,90,38,Bayern Munich,1
Germany,F,14,MF,Leon Goretzka,06/02/1995,23,15,6,Schalke 04,1
Germany,F,15,DF,Niklas Süle,03/09/1995,22,10,0,Bayern Munich,1
Germany,F,16,DF,Antonio Rüdiger,03/03/1993,25,24,1,Chelsea,1
Germany,F,17,DF,Jérôme Boateng,03/09/1988,29,70,1,Bayern Munich,1
Germany,F,18,DF,Joshua Kimmich,08/02/1995,23,28,3,Bayern Munich,1
Germany,F,19,MF,Sebastian Rudy,28/02/1990,28,25,1,Bayern Munich,1
Germany,F,20,MF,Julian Brandt,02/05/1996,22,15,1,Bayer Leverkusen,1
Germany,F,21,MF,İlkay Gündoğan,24/10/1990,27,25,4,Manchester City,1
Germany,F,22,GK,Marc-André ter Stegen,30/04/1992,26,19,0,Barcelona,1
Germany,F,23,FW,Mario Gómez,10/07/1985,32,74,31,VfB Stuttgart,1
Mexico,F,1,GK,José de Jesús Corona,26/01/1981,37,52,0,Cruz Azul,1
Mexico,F,2,DF,Hugo Ayala,31/03/1987,31,42,1,UANL,1
Mexico,F,3,DF,Carlos Salcedo,29/09/1993,24,20,0,Eintracht Frankfurt,1
Mexico,F,4,DF,Rafael Márquez,13/02/1979,39,144,18,Atlas,1
Mexico,F,5,DF,Diego Reyes,19/09/1992,25,55,1,Porto,1
Mexico,F,6,MF,Jonathan dos Santos,26/04/1990,28,31,0,LA Galaxy,1
Mexico,F,7,MF,Miguel Layún,25/06/1988,29,63,6,Sevilla,1
Mexico,F,8,FW,Marco Fabián,21/07/1989,28,38,9,Eintracht Frankfurt,1
Mexico,F,9,FW,Raúl Jiménez,05/05/1991,27,63,13,Benfica,1
Mexico,F,10,MF,Giovani dos Santos,11/05/1989,29,104,19,LA Galaxy,1
Mexico,F,11,FW,Carlos Vela,01/03/1989,29,68,18,Los Angeles FC,1
Mexico,F,12,GK,Alfredo Talavera,18/09/1982,35,27,0,Toluca,1
Mexico,F,13,GK,Guillermo Ochoa,13/07/1985,32,93,0,Standard Liège,1
Mexico,F,14,FW,Javier Hernández,01/06/1988,30,101,49,West Ham United,1
Mexico,F,15,DF,Héctor Moreno,17/01/1988,30,91,3,Real Sociedad,1
Mexico,F,16,DF,Héctor Herrera,19/04/1990,28,65,5,Porto,1
Mexico,F,17,MF,Jesús Manuel Corona,06/01/1993,25,35,7,Porto,1
Mexico,F,18,MF,Andrés Guardado (captain),28/09/1986,31,144,25,Real Betis,1
Mexico,F,19,FW,Oribe Peralta,12/01/1984,34,66,26,América,1
Mexico,F,20,MF,Javier Aquino,11/02/1990,28,53,0,UANL,1
Mexico,F,21,DF,Edson Álvarez,24/10/1997,20,12,1,América,1
Mexico,F,22,FW,Hirving Lozano,30/07/1995,22,27,7,PSV Eindhoven,1
Mexico,F,23,MF,Jesús Gallardo,15/08/1994,23,22,0,UNAM,1
South Korea,F,1,GK,Kim Seung-gyu,30/09/1990,27,32,0,Vissel Kobe,1
South Korea,F,2,DF,Lee Yong,24/12/1986,31,26,0,Jeonbuk Hyundai Motors,1
South Korea,F,3,DF,Jung Seung-hyun,03/04/1994,24,6,0,Sagan Tosu,1
South Korea,F,4,DF,Oh Ban-suk,20/05/1988,30,2,0,Jeju United,1
South Korea,F,5,DF,Yun Young-sun,04/10/1988,29,5,0,Seongnam FC,1
South Korea,F,6,DF,Park Joo-ho,16/01/1987,31,35,0,Ulsan Hyundai,1
South Korea,F,7,FW,Son Heung-min,08/07/1992,25,65,21,Tottenham Hotspur,1
South Korea,F,8,MF,Ju Se-jong,30/10/1990,27,10,1,Asan Mugunghwa,1
South Korea,F,9,FW,Kim Shin-wook,14/04/1988,30,48,10,Jeonbuk Hyundai Motors,1
South Korea,F,10,MF,Lee Seung-woo,06/01/1998,20,2,0,Hellas Verona,1
South Korea,F,11,FW,Hwang Hee-chan,26/01/1996,22,13,2,Red Bull Salzburg,1
South Korea,F,12,DF,Kim Min-woo,25/02/1990,28,18,1,Sangju Sangmu,1
South Korea,F,13,MF,Koo Ja-cheol,27/02/1989,29,66,19,FC Augsburg,1
South Korea,F,14,DF,Hong Chul,17/09/1990,27,14,0,Sangju Sangmu,1
South Korea,F,15,MF,Jung Woo-young,14/12/1989,28,28,1,Vissel Kobe,1
South Korea,F,16,MF,Ki Sung-yueng (captain),24/01/1989,29,100,10,Swansea City,1
South Korea,F,17,MF,Lee Jae-sung,10/08/1992,25,33,6,Jeonbuk Hyundai Motors,1
South Korea,F,18,MF,Moon Seon-min,09/06/1992,25,2,1,Incheon United,1
South Korea,F,19,DF,Kim Young-gwon,27/02/1990,28,51,2,Guangzhou Evergrande,1
South Korea,F,20,DF,Jang Hyun-soo,28/09/1991,26,49,3,FC Tokyo,1
South Korea,F,21,GK,Kim Jin-hyeon,06/07/1987,30,14,0,Cerezo Osaka,1
South Korea,F,22,DF,Go Yo-han,10/03/1988,30,19,0,FC Seoul,1
South Korea,F,23,GK,Cho Hyun-woo,25/09/1991,26,5,0,Daegu FC,1
Sweden,F,1,GK,Robin Olsen,08/01/1990,28,17,0,Copenhagen,1
Sweden,F,2,DF,Mikael Lustig,13/12/1986,31,65,6,Celtic,1
Sweden,F,3,DF,Victor Lindelöf,17/07/1994,23,20,1,Manchester United,1
Sweden,F,4,DF,Andreas Granqvist (captain),16/04/1985,33,71,6,Krasnodar,1
Sweden,F,5,DF,Martin Olsson,17/05/1988,30,43,5,Swansea City,1
Sweden,F,6,DF,Ludwig Augustinsson,21/04/1994,24,14,0,Werder Bremen,1
Sweden,F,7,MF,Sebastian Larsson,06/06/1985,32,99,6,Hull City,1
Sweden,F,8,MF,Albin Ekdal,28/07/1989,28,33,0,Hamburger SV,1
Sweden,F,9,FW,Marcus Berg,17/08/1986,31,56,18,Al Ain,1
Sweden,F,10,MF,Emil Forsberg,23/10/1991,26,35,6,RB Leipzig,1
Sweden,F,11,FW,John Guidetti,15/04/1992,26,20,1,Alavés,1
Sweden,F,12,GK,Karl-Johan Johnsson,28/01/1990,28,5,0,Guingamp,1
Sweden,F,13,MF,Gustav Svensson,07/02/1987,31,12,0,Seattle Sounders FC,1
Sweden,F,14,DF,Filip Helander,22/04/1993,25,4,0,Bologna,1
Sweden,F,15,MF,Oscar Hiljemark,28/06/1992,25,21,2,Genoa,1
Sweden,F,16,DF,Emil Krafth,02/08/1994,23,12,0,Bologna,1
Sweden,F,17,MF,Viktor Claesson,02/01/1992,26,21,3,Krasnodar,1
Sweden,F,18,DF,Pontus Jansson,13/02/1991,27,15,0,Leeds United,1
Sweden,F,19,MF,Marcus Rohdén,11/05/1991,27,11,1,Crotone,1
Sweden,F,20,FW,Ola Toivonen,03/07/1986,31,58,13,Toulouse,1
Sweden,F,21,MF,Jimmy Durmaz,22/03/1989,29,45,3,Toulouse,1
Sweden,F,22,FW,Isaac Kiese Thelin,24/06/1992,25,19,2,Waasland-Beveren,1
Sweden,F,23,GK,Kristoffer Nordfeldt,23/06/1989,28,8,0,Swansea City,1
Belgium,G,1,GK,Thibaut Courtois,11/05/1992,26,56,0,Chelsea,1
Belgium,G,2,DF,Toby Alderweireld,02/03/1989,29,72,3,Tottenham Hotspur,1
Belgium,G,3,DF,Thomas Vermaelen,14/11/1985,32,64,1,Barcelona,1
Belgium,G,4,DF,Vincent Kompany,10/04/1986,32,74,4,Manchester City,1
Belgium,G,5,DF,Jan Vertonghen,24/04/1987,31,100,8,Tottenham Hotspur,1
Belgium,G,6,MF,Axel Witsel,12/01/1989,29,85,9,Tianjin Quanjian,1
Belgium,G,7,MF,Kevin De Bruyne,28/06/1991,26,57,13,Manchester City,1
Belgium,G,8,MF,Marouane Fellaini,22/11/1987,30,79,16,Manchester United,1
Belgium,G,9,FW,Romelu Lukaku,13/05/1993,25,64,30,Manchester United,1
Belgium,G,10,FW,Eden Hazard (captain),07/01/1991,27,82,21,Chelsea,1
Belgium,G,11,MF,Yannick Carrasco,04/09/1993,24,23,5,Dalian Yifang,1
Belgium,G,12,GK,Simon Mignolet,06/03/1988,30,21,0,Liverpool,1
Belgium,G,13,GK,Koen Casteels,25/06/1992,25,0,0,VfL Wolfsburg,1
Belgium,G,14,FW,Dries Mertens,06/05/1987,31,65,13,Napoli,1
Belgium,G,15,DF,Thomas Meunier,12/09/1991,26,23,5,Paris Saint-Germain,1
Belgium,G,16,MF,Thorgan Hazard,29/03/1993,25,8,1,Borussia Mönchengladbach,1
Belgium,G,17,MF,Youri Tielemans,07/05/1997,21,7,0,Monaco,1
Belgium,G,18,FW,Adnan Januzaj,05/02/1995,23,7,0,Real Sociedad,1
Belgium,G,19,MF,Mousa Dembélé,16/07/1987,30,74,5,Tottenham Hotspur,1
Belgium,G,20,DF,Dedryck Boyata,28/11/1990,27,5,0,Celtic,1
Belgium,G,21,FW,Michy Batshuayi,02/10/1993,24,13,5,Borussia Dortmund,1
Belgium,G,22,MF,Nacer Chadli,02/08/1989,28,41,4,West Bromwich Albion,1
Belgium,G,23,DF,Leander Dendoncker,15/04/1995,23,4,0,Anderlecht,1
England,G,1,GK,Jordan Pickford,07/03/1994,24,3,0,Everton,1
England,G,2,DF,Kyle Walker,28/05/1990,28,35,0,Manchester City,1
England,G,3,DF,Danny Rose,02/07/1990,27,17,0,Tottenham Hotspur,1
England,G,4,MF,Eric Dier,15/01/1994,24,26,3,Tottenham Hotspur,1
England,G,5,DF,John Stones,28/05/1994,24,25,0,Manchester City,1
England,G,6,DF,Harry Maguire,05/03/1993,25,4,0,Leicester City,1
England,G,7,MF,Jesse Lingard,15/12/1992,25,11,1,Manchester United,1
England,G,8,MF,Jordan Henderson,17/06/1990,27,38,0,Liverpool,1
England,G,9,FW,Harry Kane (captain),28/07/1993,24,24,13,Tottenham Hotspur,1
England,G,10,FW,Raheem Sterling,08/12/1994,23,38,2,Manchester City,1
England,G,11,FW,Jamie Vardy,11/01/1987,31,21,7,Leicester City,1
England,G,12,DF,Kieran Trippier,19/09/1990,27,6,0,Tottenham Hotspur,1
England,G,13,GK,Jack Butland,10/03/1993,25,7,0,Stoke City,1
England,G,14,FW,Danny Welbeck,26/11/1990,27,38,15,Arsenal,1
England,G,15,DF,Gary Cahill,19/12/1985,32,59,5,Chelsea,1
England,G,16,DF,Phil Jones,21/02/1992,26,24,0,Manchester United,1
England,G,17,DF,Fabian Delph,21/11/1989,28,10,0,Manchester City,1
England,G,18,DF,Ashley Young,09/07/1985,32,34,7,Manchester United,1
England,G,19,FW,Marcus Rashford,31/10/1997,20,18,2,Manchester United,1
England,G,20,MF,Dele Alli,11/04/1996,22,24,2,Tottenham Hotspur,1
England,G,21,MF,Ruben Loftus-Cheek,23/01/1996,22,3,0,Crystal Palace,1
England,G,22,DF,Trent Alexander-Arnold,07/10/1998,19,0,0,Liverpool,1
England,G,23,GK,Nick Pope,19/04/1992,26,0,0,Burnley,1
Panama,G,1,GK,Jaime Penedo,26/09/1981,36,130,0,Dinamo București,1
Panama,G,2,DF,Michael Amir Murillo,11/02/1996,22,21,2,New York Red Bulls,1
Panama,G,3,DF,Harold Cummings,01/03/1992,26,51,0,San Jose Earthquakes,1
Panama,G,4,DF,Fidel Escobar,09/01/1995,23,22,1,New York Red Bulls,1
Panama,G,5,DF,Román Torres,20/03/1986,32,110,10,Seattle Sounders FC,1
Panama,G,6,MF,Gabriel Gómez,29/05/1984,34,143,12,Atlético Bucaramanga,1
Panama,G,7,FW,Blas Pérez,13/03/1981,37,117,43,Municipal,1
Panama,G,8,MF,Édgar Bárcenas,23/10/1993,24,28,0,Tapachula,1
Panama,G,9,FW,Gabriel Torres,31/10/1988,29,71,14,Huachipato,1
Panama,G,10,FW,Ismael Díaz,12/05/1997,21,10,2,Deportivo Fabril,1
Panama,G,11,MF,Armando Cooper,26/11/1987,30,97,7,Universidad de Chile,1
Panama,G,12,GK,José Calderón,14/08/1985,32,31,0,Chorrillo,1
Panama,G,13,DF,Adolfo Machado,14/02/1985,33,75,1,Houston Dynamo,1
Panama,G,14,MF,Valentín Pimentel,30/05/1991,27,22,1,Plaza Amador,1
Panama,G,15,DF,Erick Davis,31/03/1991,27,37,0,Dunajská Streda,1
Panama,G,16,FW,Abdiel Arroyo,13/12/1993,24,33,5,Alajuelense,1
Panama,G,17,DF,Luis Ovalle,07/09/1988,29,25,0,Olimpia,1
Panama,G,18,FW,Luis Tejada,28/03/1982,36,105,43,Sport Boys,1
Panama,G,19,MF,Alberto Quintero,18/12/1987,30,89,5,Universitario,1
Panama,G,20,MF,Aníbal Godoy,10/02/1990,28,88,2,San Jose Earthquakes,1
Panama,G,21,MF,José Luis Rodríguez,19/06/1998,19,1,0,Gent,1
Panama,G,22,GK,Álex Rodríguez,05/08/1990,27,6,0,San Francisco,1
Panama,G,23,DF,Felipe Baloy (captain),24/02/1981,37,102,3,Municipal,1
Tunisia,G,1,GK,Farouk Ben Mustapha,01/07/1989,28,15,0,Al-Shabab,1
Tunisia,G,2,DF,Syam Ben Youssef,31/03/1989,29,41,1,Kasımpaşa,1
Tunisia,G,3,DF,Yohan Benalouane,28/03/1987,31,3,0,Leicester City,1
Tunisia,G,4,DF,Yassine Meriah,02/07/1993,24,15,1,CS Sfaxien,1
Tunisia,G,5,DF,Oussama Haddadi,28/01/1992,26,8,0,Dijon,1
Tunisia,G,6,DF,Rami Bedoui,19/01/1990,28,8,0,Étoile du Sahel,1
Tunisia,G,7,FW,Saîf-Eddine Khaoui,27/04/1995,23,4,0,Troyes,1
Tunisia,G,8,FW,Fakhreddine Ben Youssef,23/06/1991,26,38,5,Al-Ettifaq,1
Tunisia,G,9,MF,Anice Badri,18/09/1990,27,6,2,Espérance,1
Tunisia,G,10,FW,Wahbi Khazri,08/02/1991,27,35,12,Rennes,1
Tunisia,G,11,DF,Dylan Bronn,19/06/1995,22,4,0,Gent,1
Tunisia,G,12,DF,Ali Maâloul,01/01/1990,28,45,0,Al Ahly,1
Tunisia,G,13,MF,Ferjani Sassi,18/03/1992,26,38,3,Al-Nassr,1
Tunisia,G,14,MF,Mohamed Amine Ben Amor,03/05/1992,26,25,1,Al-Ahli,1
Tunisia,G,15,FW,Ahmed Khalil,21/12/1994,23,3,0,Club Africain,1
Tunisia,G,16,GK,Aymen Mathlouthi (captain),14/09/1984,33,69,0,Al-Batin,1
Tunisia,G,17,MF,Ellyes Skhiri,10/05/1995,23,4,0,Montpellier,1
Tunisia,G,18,FW,Bassem Srarfi,25/06/1997,20,4,0,Nice,1
Tunisia,G,19,FW,Saber Khalifa,14/10/1986,31,43,7,Club Africain,1
Tunisia,G,20,FW,Ghailene Chaalali,28/02/1994,24,6,1,Espérance,1
Tunisia,G,21,DF,Hamdi Nagguez,28/10/1992,25,15,0,Zamalek,1
Tunisia,G,22,GK,Mouez Hassen,05/03/1995,23,3,0,Châteauroux,1
Tunisia,G,23,FW,Naïm Sliti,27/07/1992,25,16,3,Dijon,1
Colombia,H,1,GK,David Ospina,31/08/1988,29,86,0,Arsenal,1
Colombia,H,2,DF,Cristián Zapata,30/09/1986,31,55,2,Milan,1
Colombia,H,3,DF,Óscar Murillo,18/04/1988,30,13,0,Pachuca,1
Colombia,H,4,DF,Santiago Arias,13/01/1992,26,41,0,PSV Eindhoven,1
Colombia,H,5,MF,Wílmar Barrios,16/10/1993,24,10,0,Boca Juniors,1
Colombia,H,6,MF,Carlos Sánchez,06/02/1986,32,85,0,Espanyol,1
Colombia,H,7,FW,Carlos Bacca,08/09/1986,31,45,14,Villarreal,1
Colombia,H,8,MF,Abel Aguilar,06/01/1985,33,70,7,Deportivo Cali,1
Colombia,H,9,FW,Radamel Falcao (captain),10/02/1986,32,73,29,Monaco,1
Colombia,H,10,MF,James Rodríguez,12/07/1991,26,63,21,Bayern Munich,1
Colombia,H,11,MF,Juan Cuadrado,26/05/1988,30,70,7,Juventus,1
Colombia,H,12,GK,Camilo Vargas,09/03/1989,29,5,0,Deportivo Cali,1
Colombia,H,13,DF,Yerry Mina,23/09/1994,23,12,3,Barcelona,1
Colombia,H,14,FW,Luis Muriel,16/04/1991,27,18,2,Sevilla,1
Colombia,H,15,MF,Mateus Uribe,21/03/1991,27,8,0,América,1
Colombia,H,16,MF,Jefferson Lerma,25/10/1994,23,5,0,Levante,1
Colombia,H,17,DF,Johan Mojica,21/08/1992,25,4,1,Girona,1
Colombia,H,18,DF,Frank Fabra,22/02/1991,27,19,1,Boca Juniors,1
Colombia,H,19,FW,Miguel Borja,26/01/1993,25,7,2,Palmeiras,1
Colombia,H,20,MF,Juan Fernando Quintero,18/01/1993,25,15,2,River Plate,1
Colombia,H,21,FW,José Izquierdo,07/07/1992,25,5,1,Brighton & Hove Albion,1
Colombia,H,22,GK,José Fernando Cuadrado,01/06/1985,33,1,0,Once Caldas,1
Colombia,H,23,DF,Dávinson Sánchez,12/06/1996,21,9,0,Tottenham Hotspur,1
Japan,H,1,GK,Eiji Kawashima,20/03/1983,35,83,0,Metz,1
Japan,H,2,DF,Naomichi Ueda,24/10/1994,23,3,0,Kashima Antlers,1
Japan,H,3,DF,Gen Shoji,11/12/1992,25,10,1,Kashima Antlers,1
Japan,H,4,MF,Keisuke Honda,13/06/1986,31,94,36,Pachuca,1
Japan,H,5,DF,Yuto Nagatomo,12/09/1986,31,104,3,Galatasaray,1
Japan,H,6,DF,Wataru Endo,09/02/1993,25,11,0,Urawa Red Diamonds,1
Japan,H,7,MF,Gaku Shibasaki,28/05/1992,26,16,3,Getafe,1
Japan,H,8,MF,Genki Haraguchi,09/05/1991,27,31,6,Fortuna Düsseldorf,1
Japan,H,9,FW,Shinji Okazaki,16/04/1986,32,112,50,Leicester City,1
Japan,H,10,MF,Shinji Kagawa,17/03/1989,29,90,29,Borussia Dortmund,1
Japan,H,11,MF,Takashi Usami,06/05/1992,26,22,3,Fortuna Düsseldorf,1
Japan,H,12,GK,Masaaki Higashiguchi,12/05/1986,32,4,0,Gamba Osaka,1
Japan,H,13,FW,Yoshinori Mutō,15/07/1992,25,22,2,Mainz 05,1
Japan,H,14,MF,Takashi Inui,02/06/1988,30,25,2,Eibar,1
Japan,H,15,FW,Yuya Osako,18/05/1990,28,27,7,1. FC Köln,1
Japan,H,16,MF,Hotaru Yamaguchi,06/10/1990,27,41,2,Cerezo Osaka,1
Japan,H,17,MF,Makoto Hasebe (captain),18/01/1984,34,109,2,Eintracht Frankfurt,1
Japan,H,18,MF,Ryota Oshima,23/01/1993,25,4,0,Kawasaki Frontale,1
Japan,H,19,DF,Hiroki Sakai,12/04/1990,28,41,0,Marseille,1
Japan,H,20,DF,Tomoaki Makino,11/05/1987,31,31,4,Urawa Red Diamonds,1
Japan,H,21,DF,Gōtoku Sakai,14/03/1991,27,39,0,Hamburger SV,1
Japan,H,22,DF,Maya Yoshida,24/08/1988,29,81,10,Southampton,1
Japan,H,23,GK,Kosuke Nakamura,27/02/1995,23,3,0,Kashiwa Reysol,1
Poland,H,1,GK,Wojciech Szczęsny,18/04/1990,28,33,0,Juventus,1
Poland,H,2,DF,Michał Pazdan,21/09/1987,30,31,0,Legia Warsaw,1
Poland,H,3,DF,Artur Jędrzejczyk,04/11/1987,30,35,3,Legia Warsaw,1
Poland,H,4,DF,Thiago Cionek,21/04/1986,32,17,0,SPAL,1
Poland,H,5,DF,Jan Bednarek,12/04/1996,22,1,0,Southampton,1
Poland,H,6,MF,Jacek Góralski,21/09/1992,25,3,0,Ludogorets Razgrad,1
Poland,H,7,FW,Arkadiusz Milik,28/02/1994,24,38,12,Napoli,1
Poland,H,8,MF,Karol Linetty,02/02/1995,23,19,1,Sampdoria,1
Poland,H,9,FW,Robert Lewandowski (captain),21/08/1988,29,93,52,Bayern Munich,1
Poland,H,10,MF,Grzegorz Krychowiak,29/01/1990,28,49,2,West Bromwich Albion,1
Poland,H,11,MF,Kamil Grosicki,08/06/1988,29,56,12,Hull City,1
Poland,H,12,GK,Bartosz Białkowski,06/07/1987,30,1,0,Ipswich Town,1
Poland,H,13,MF,Maciej Rybus,19/08/1989,28,49,2,Lokomotiv Moscow,1
Poland,H,14,FW,Łukasz Teodorczyk,03/06/1991,27,15,4,Anderlecht,1
Poland,H,15,DF,Kamil Glik,03/02/1988,30,57,4,Monaco,1
Poland,H,16,MF,Jakub Błaszczykowski,14/12/1985,32,97,19,VfL Wolfsburg,1
Poland,H,17,MF,Sławomir Peszko,19/02/1985,33,43,2,Lechia Gdańsk,1
Poland,H,18,DF,Bartosz Bereszyński,12/07/1992,25,6,0,Sampdoria,1
Poland,H,19,MF,Piotr Zieliński,20/05/1994,24,31,4,Napoli,1
Poland,H,20,DF,Łukasz Piszczek,03/06/1985,33,61,3,Borussia Dortmund,1
Poland,H,21,MF,Rafał Kurzawa,29/01/1993,25,3,0,Górnik Zabrze,1
Poland,H,22,GK,Łukasz Fabiański,18/04/1985,33,43,0,Swansea City,1
Poland,H,23,FW,Dawid Kownacki,14/03/1997,21,1,0,Sampdoria,1
Senegal,H,1,GK,Abdoulaye Diallo,30/03/1992,26,16,0,Rennes,1
Senegal,H,2,DF,Saliou Ciss,15/06/1989,28,18,0,Valenciennes,1
Senegal,H,3,DF,Kalidou Koulibaly,20/06/1991,26,24,0,Napoli,1
Senegal,H,4,DF,Kara Mbodji,22/11/1989,28,51,5,Anderlecht,1
Senegal,H,5,MF,Idrissa Gueye,26/09/1989,28,59,1,Everton,1
Senegal,H,6,MF,Salif Sané,25/08/1990,27,20,0,Hannover 96,1
Senegal,H,7,FW,Moussa Sow,19/01/1986,32,50,18,Bursaspor,1
Senegal,H,8,MF,Cheikhou Kouyaté (captain),21/12/1989,28,47,2,West Ham United,1
Senegal,H,9,FW,Mame Biram Diouf,16/12/1987,30,47,10,Stoke City,1
Senegal,H,10,FW,Sadio Mané,10/04/1992,26,51,14,Liverpool,1
Senegal,H,11,MF,Cheikh N'Doye,29/03/1986,32,24,3,Birmingham City,1
Senegal,H,12,DF,Youssouf Sabaly,05/03/1993,25,3,0,Bordeaux,1
Senegal,H,13,MF,Alfred N'Diaye,06/03/1990,28,19,0,Wolverhampton Wanderers,1
Senegal,H,14,FW,Moussa Konaté,03/04/1993,25,27,9,Amiens,1
Senegal,H,15,FW,Diafra Sakho,24/12/1989,28,10,3,Rennes,1
Senegal,H,16,GK,Khadim N'Diaye,05/04/1985,33,25,0,Horoya,1
Senegal,H,17,MF,Badou Ndiaye,27/10/1990,27,18,1,Stoke City,1
Senegal,H,18,FW,Ismaïla Sarr,25/02/1998,20,14,2,Rennes,1
Senegal,H,19,FW,M'Baye Niang,19/12/1994,23,5,0,Torino,1
Senegal,H,20,FW,Keita Baldé,08/03/1995,23,17,3,Monaco,1
Senegal,H,21,DF,Lamine Gassama,20/10/1989,28,35,0,Alanyaspor,1
Senegal,H,22,DF,Moussa Wagué,04/10/1998,19,9,0,Eupen,1
Senegal,H,23,GK,Alfred Gomis,05/09/1993,24,1,0,SPAL,1
